,text,created_at,date
0,"@svpino Python is slow for what it was not intended for, Python has all its important libraries written in C, in Python if something native is slow, the best thing you can do is write a library in C and include it with pybind",2025-09-22 06:33:12+00:00,2025-09-22
1,"(Inviting a Monty Python style p1ss take here.)
   My Nigerian uncle was a refugee from Nigerian civil war in the 1960s. Trained as a radiographer and worked for the NHS all his working life. Had a too short retirement, dying from dementia around 2 years ago. https://t.co/6A5omPASCF",2025-09-22 06:32:42+00:00,2025-09-22
2,"Python is a beautiful language. 

Python may be slow for some domain. Python may be fast for some domain.

It's domain specific. https://t.co/FprDQ7XVuN",2025-09-22 06:32:28+00:00,2025-09-22
3,"@MrMissionCtl Sure! I'd love to code whatever's in that YouTube live stream. Can you describe the key idea or task shown (e.g., an algorithm, app, or demo)? I'll generate the code step by step using Python or your preferred language.",2025-09-22 06:31:35+00:00,2025-09-22
4,learning python is a pain in the ass,2025-09-22 06:31:21+00:00,2025-09-22
5,"New post by Roman Tsypuk.

AWS CSM Mode: Advanced monitoring of AWS client
https://t.co/oGkbFkMIC7
#aws #monitoring #performance #python",2025-09-22 06:30:41+00:00,2025-09-22
6,"Once upon a time, a young coder named Alex found an ancient Python script. By tweaking its logic, he unlocked a treasure chest of algorithms, transforming his mundane project into a masterpiece, hailed by all.",2025-09-22 06:30:11+00:00,2025-09-22
7,"just wrote ""hello world"" in python",2025-09-22 06:29:58+00:00,2025-09-22
8,"@finance_python Stop missing out on market moves Click the link on my pin post and join my free trading group.üì©

Join here
üëáüëáüëá
 
(@AtifHussaimOG)",2025-09-22 06:29:03+00:00,2025-09-22
9,"@AndrewPrifer It's because of Zig.
It's not a common language and still relatively new. The pool of talent anywhere would be tiny, let alone the USA.
He could very well need his H1B contributors in this case, but it's a rare case among H1B jobs.
It's no Microsoft hiring 6k Python/JS H1Bs.",2025-09-22 06:28:59+00:00,2025-09-22
10,"Quiz Project completed! ü§©üì∑A million thanks to:
@CodeToInspire
and
@a_daneshyar
#AfghanGirlsCode #WomenInTech #python #programming https://t.co/9rEQsijCHp",2025-09-22 06:28:54+00:00,2025-09-22
11,"@davison_al @ChrisO_wiki @lewis_goodall The whole point of Monty Python is that the genius has already been done, they have bestowed upon us comedic brilliance, which we can never hope to compeat with.",2025-09-22 06:27:52+00:00,2025-09-22
12,"@PythNetwork 
#pythroadmap
Pyth Network (PYTH) is a leading decentralized oracle protocol listed on Binance, delivering real-time, low-latency financial data to over 40 blockchains, including BNB Chain, Ethereum, and Solana. i like python coin and i will hold for next 30 years ..",2025-09-22 06:26:54+00:00,2025-09-22
13,"@Sumaye310005 @CodeToInspire #AfghanGirlsCode
#python
#programming
#WomenInTech
Great work! Building upon your skills is key for success. Keep coding and inspiring others!",2025-09-22 06:26:30+00:00,2025-09-22
14,"@Glinner How absurd üòÇ if Monty Python had written this in a sketch, we would have laughed our heads off",2025-09-22 06:26:12+00:00,2025-09-22
15,@JasonQCitizen1 Monty Python was always prescient https://t.co/renbWIGgcZ,2025-09-22 06:25:55+00:00,2025-09-22
16,@GMB How long does this monty python sketch run for?1 out and 1.000 in.,2025-09-22 06:25:00+00:00,2025-09-22
17,"@JohnCleese Please support us and our aid convoys as the UK charity law deems our efforts not charitable üò° , this is because we help everyone in Ukraine even the soldiers in hospital or the front. Perhaps you can drive out with us @JohnCleese and explain some of the monty python clips that",2025-09-22 06:24:50+00:00,2025-09-22
18,"I‚Äôm The Arcane Engineer ‚Äî a backend dev who geeks out about fantasy, sci-fi &amp; games.

Here you‚Äôll find me writing about:
‚ö° Python, FastAPI &amp; Kubernetes
‚ö° Nerd culture ‚Äî the stories &amp; worlds we love

If you‚Äôre into code *and* lore, you‚Äôre in the right place.",2025-09-22 06:24:42+00:00,2025-09-22
19,"üìç To be ballin‚Äô, you gotta be all-in üìç

üíØ

When I first got into Web3 analytics/development, I tried to ‚Äúbalance‚Äù it with other things.
Half-learning SQL with AnalyticSages, DataCamp
Half-building dashboards on Dune.
Half-completing my Python projects
Half-showing up.

Guess https://t.co/UAK1FdbBgo https://t.co/lE4V6pHQYN",2025-09-22 06:23:17+00:00,2025-09-22
20,"‚ÄúWarm Navratri wishes from Anup Kelkar‚Äôs Python Academy! May Maa Durga fill your life with strength, joy and success.‚Äù https://t.co/e3JEUsde3u",2025-09-22 06:22:36+00:00,2025-09-22
21,@Ladiesman217__0 it's hard when you only know about lewd/overused memes after exclusively spending your time on specific part of Touhou fandom on twitter/youtube or suddenly raising your standard to expect the entire season of Monty Python when given anything that's above shallow jokes https://t.co/gcX3LNRbUC,2025-09-22 06:22:34+00:00,2025-09-22
22,"üìç To be ballin‚Äô, you gotta be all-in üìç

üíØ

When I first got into Web3 analytics/development, I tried to ‚Äúbalance‚Äù it with other things.
Half-learning SQL with AnalyticSages, DataCamp
Half-building dashboards on Dune.
Half-completing my Python projects
Half-showing up.

Guess https://t.co/O9GWnyvEzf https://t.co/lE4V6pHQYN",2025-09-22 06:22:24+00:00,2025-09-22
23,"@Real_GunSales Most Welcome Jeff , Yes absolutely I've owned a few Colt Revolvers over the years and had a love affair with them since I was a Kid . My EDC is a .357 Python .",2025-09-22 06:22:23+00:00,2025-09-22
24,"To create an AI, start by learning programming (Python is popular), understand machine learning concepts, gather datasets, choose frameworks (like TensorFlow or PyTorch), and build models to solve problems.",2025-09-22 06:22:04+00:00,2025-09-22
25,"üßëüèª‚Äçüíª üì¢ Python Developer &amp; Software Testing Job Opening In Bangalore Location üö®üíª

If Interested Send Your Resume With Job Code

#besanttechnologies_hsr

We Offer üíØ Job Guarantee Courses (Any Degree / Diploma Candidates / Year GAP / Non-IT. Any Passed Outs.

#job #placement https://t.co/Nt55PEpfr0",2025-09-22 06:21:59+00:00,2025-09-22
26,"@nomad421 Yes, but also often, when you have someone that knows what they are doing, python isn't the bottleneck, and when it is, you can just push that bit to a wrapped bit of C/Rust as you said, and solve it. It's still a great langauge, and I love it for scripting.",2025-09-22 06:21:20+00:00,2025-09-22
27,@svpino lol. python is slow. you can do it better but you can also waltz better with a walrus.,2025-09-22 06:18:16+00:00,2025-09-22
28,"@TonyLapidus The vibe of Tucker‚Äôs eulogy - you know it‚Äôs going to be ridiculous, but somehow it still manages to shock. 

But always remember what the Monty Python boys say ‚Ä¶.",2025-09-22 06:18:14+00:00,2025-09-22
29,"Joki Tugas Informatikaüë®‚Äçüíª

- Python, Java, C++, C#, PHP, JavaScript
- Data mining, SQL Database, SPSS, R, Excel
- HTML, CSS, PHP, Laravel, React, Node.js
- Machine Learning, Deep Learning, Computer Vision, NLP
- Perancangan basis data, ERD, UML, use case diagram, flowchart

(18)",2025-09-22 06:17:21+00:00,2025-09-22
30,"""One of the things OCaml's good at is being faster than Python"" üòÇ

The talk itself is more nuanced about a Python + OCaml code base. You should watch it: https://t.co/jv9Atq5EJF https://t.co/IhXmE6pagu",2025-09-22 06:16:41+00:00,2025-09-22
31,"üöÄ Looking for the top rated Python institute in Navada?
Build coding skills with expert trainers, government-recognised certification &amp; placement support. Start your IT career today!
üëâ https://t.co/JjbqFGBIJy
#PythonTraining #Navada #NIELIT https://t.co/6fILuGktL1",2025-09-22 06:15:52+00:00,2025-09-22
32,@svpino Didn't you literally tweet yesterday that you think Python is a very slow language?,2025-09-22 06:15:20+00:00,2025-09-22
33,"Top skills of a Data Analyst
1Ô∏è‚É£ Statistics
2Ô∏è‚É£ SQL
3Ô∏è‚É£ Excel
4Ô∏è‚É£ Python
5Ô∏è‚É£ Visualization tools
Master these ‚Üí Future secured üíØ
#DataAnalytics #CareerGrowth https://t.co/VnumU1rAvH",2025-09-22 06:14:15+00:00,2025-09-22
34,"@Vtxt21 All major programming languages with the exception of python was created in US by Americans and Indians just learned it. Stop acting like each and every Indian in the US is a Sundar Pichai or a Satya Nadella, stop acting soo entitled and proud.",2025-09-22 06:13:55+00:00,2025-09-22
35,"üìç To be ballin‚Äô, you gotta be all-in üìç

üíØ

When I first got into Web3 analytics/development, I tried to ‚Äúbalance‚Äù it with other things.
Half-learning SQL with @AnalyticSages, @DataCamp
Half-building dashboards on @Dune.
Half-completing my Python projects
Half-showing up. https://t.co/ISlOHEzj2c",2025-09-22 06:13:45+00:00,2025-09-22
36,@svpino python is the gateway for math nerds to slip into programming,2025-09-22 06:11:09+00:00,2025-09-22
37,"Stack &amp; Queue from #striver started now
#dsa #python #cpp #java https://t.co/bddtzBtCql",2025-09-22 06:10:45+00:00,2025-09-22
38,"Hello students
Data science course in Indore 
Advance your career with 360DigiTMG‚Äôs Data Science Course in Indore. Learn Python, R, ML, AI, and data visualization through live projects.
https://t.co/1XyTX2rf4W",2025-09-22 06:10:21+00:00,2025-09-22
39,"@23_python @DimaZeniuk CONGRATULATIONS!!!
This is Elon Musk Tesla, we are happy to inform you that your name as been randomly selected via your comment on our on post &amp; page with a sum of $50,000.00 and a brown new Tesla car latest model. Kindly get back with ACCEPT to proceed thank you.",2025-09-22 06:10:06+00:00,2025-09-22
40,"Great Monty Python skit ‚ÄúWe always look on the bright of life‚Äù
Wonder if that bloke is at the right conference. Few months out for Easter or maybe the second coming of Charlie is anticipated. God help us all if this is what America has become. #auspol25 https://t.co/ieweGPlzhK",2025-09-22 06:08:23+00:00,2025-09-22
41,"in python joining an array with string is:

"" "".join(array)

which looks weird for arrays, but it makes much more sense to me when I realized that it can join iterators and any sequence type. https://t.co/5WnczQxS6M",2025-09-22 06:07:57+00:00,2025-09-22
42,Success! Just solved Lists on @HackerRank. Can you complete the challenge? https://t.co/cK1tJDsA27 #programming,2025-09-22 06:07:21+00:00,2025-09-22
43,"From empty room to staged showpiece in seconds.
Built a Real Estate Listing Composer with Python + Streamlit + Gemini 2.5 Flash Image. Why staging, how the architecture works, why ‚ÄúNano Banana,‚Äù with full code.
Read:https://t.co/KaaHfiCco8 
#AI #RealEstate #GenAI #Python https://t.co/m8Be4hGxF3",2025-09-22 06:07:00+00:00,2025-09-22
44,"Tabby is Hiring üì¢

Role: Data Analyst
Location: Remote
Pay:üí∞

- 2‚Äì4 years of experience in HR analytics, people operations, or a related data role
- Advanced knowledge of SQL, Python
- You‚Äôre fluent in spreadsheets

Detailsüëá

#DataAnalytics #Remotejobs
https://t.co/9U0dLbTLIa",2025-09-22 06:07:00+00:00,2025-09-22
45,@ThrillaRilla369 It looks like a large python that swallowed something big...,2025-09-22 06:06:20+00:00,2025-09-22
46,"üì¶ LangChain &amp; LangGraph are now in v1.0 alpha (Python &amp; JS). LangGraph gives you durable execution, short-term memory, human-in-the-loop, streaming + complex workflows.
üîó https://t.co/pnQk7aCsiq",2025-09-22 06:05:02+00:00,2025-09-22
47,"@svpino That's a really poor take.
It's both too slow ""and"" a production capable language, these two aren't mutually exclusive.  And no, after five tech degrees and 40 years of programming, I'm not exactly a newcomer nor a dropout.  If you use python for anything that hasn't been done",2025-09-22 06:04:19+00:00,2025-09-22
48,"@DocStrangelove2 Then Harambe the Grey And Harambe the White
And Monty Python and the Holy Grail's Black Knight
And Benito Mussolini And the Blue Meanie
And Cowboy Curtis And Jambi the Genie
Robocop The Terminator Captain Kirk And Darth Vader
Lo Pan Superman Every single Power Ranger
(...)",2025-09-22 06:03:41+00:00,2025-09-22
49,@svpino Python is trash. Nodejs for the win,2025-09-22 06:03:30+00:00,2025-09-22
50,"Python Programming for Beginners: Learn Python from Scratch https://t.co/2UjMi5SlIv Python Programming for Beginners: Learn Python from Scratch (Master Data Analysis, Step-by-Step with Practice Exercises). #pythonprogramming #udemyfreeonlinecourses #udemypaidcoursesforfree",2025-09-22 06:02:43+00:00,2025-09-22
51,@sherifharoun441 Just discovered a new Python trick ‡πê¬ü¬ê¬ç,2025-09-22 06:02:14+00:00,2025-09-22
52,"""The Spanish Inquisition"" is an episode British sketch comedy TV series Monty Python's Flying Circus, series 2 episode 2 (first broadcast 22 September 1970)

The sketches are notable for the catchphrase, ""Nobody expects the Spanish Inquisition!"",

https://t.co/6sSqX2dJQU",2025-09-22 06:01:56+00:00,2025-09-22
53,"Backend Roadmap (Beginner ‚Üí Advanced)

1.Language ‚Üí Python, JS/TS, Java, Go, C# .
2.Web Basics ‚Üí HTTP, sessions, cookies.
3.APIs ‚Üí REST, GraphQL, JWT, OAuth2.
4.Databases ‚Üí PostgreSQL, MySQL, MongoDB, Redis .5.Frameworks ‚Üí Django, FastAPI, Express, Spring Boot",2025-09-22 06:01:56+00:00,2025-09-22
54,"üöÄ Take Your Next Steps into the World of Data Science!
From Python to Machine Learning, start building the skills that shape the future. üåç
#DataScience #AI #MachineLearning #BigData #FutureTech #DataScience #MachineLearning #AI #BigData #Analytics #TechTrends #AIRevolution https://t.co/yAy91XXkfQ",2025-09-22 06:01:46+00:00,2025-09-22
55,"‚ú® Asyncio Event Loop and Task Management (Python)

üëâDownload our app to access 10,000+ concise concepts, 60+ subjects and 4,000+ articles ‚Äî explore now.

üì±App : https://t.co/SLbyXfKcrV

üåê Website : https://t.co/zrMj3h1jX1

Learn... https://t.co/9aNsmhiB6T",2025-09-22 06:01:39+00:00,2025-09-22
56,@davepl1968 I was surprised when I found that pgAdmin4 has around 650MB and you need to download whole package for patch version. The stack is python web server on backend and webapp on front end. This is just crazy stack for desktop app with full of bugs and shitty implemented modals.,2025-09-22 06:00:59+00:00,2025-09-22
57,"@SDE_Akshansh @X Hello, I'm a backend developer with Python, let's connect",2025-09-22 06:00:50+00:00,2025-09-22
58,"‚Ä¢ I build projects (like a skin cancer detection app using TensorFlow + Streamlit).

‚Ä¢ I mentor beginners in Python, ML &amp; AI, making data concepts simple and practical.

‚Ä¢ I‚Äôm on a journey to grow as a Data Scientist and share insights along the way.",2025-09-22 06:00:26+00:00,2025-09-22
59,"Dear Hiring Managers, If you expect a Data Analyst to be an expert in: SQL, Python, R &amp; Excel, Tableau, Power BI, Looker, Machine Learning,  Data modeling, ETL pipelines &amp; workflow design,Forecasting, you‚Äôre not hiring a Data Analyst. You‚Äôre describing an entire analytics team.",2025-09-22 06:00:13+00:00,2025-09-22
60,"@svpino https://t.co/8U17iFwx7v
The fact that Python is slow is a serious challenge for core Pythonists rather. Although this can be balanced against the fact that it may be fast enough for your project.",2025-09-22 06:00:00+00:00,2025-09-22
61,"üöÄ Looking for the best Python institute in Dwarka Mor?
Master coding with expert trainers, govt-recognised certification &amp; 100% placement support.
Start your IT career today üëâ https://t.co/JjbqFGBIJy
#Python #DwarkaMor #ITTraining https://t.co/GHBViGeccs",2025-09-22 05:59:10+00:00,2025-09-22
62,"python has none of those but at least private can be emulated with a good static type checker + properties, descriptors or even raw __getattr__ overriding",2025-09-22 05:58:01+00:00,2025-09-22
63,"üöÄ Looking for the best Data Analytics Institute in Dwarka Mor?
Master Python, Excel, &amp; BI tools with expert-led training + placement support.
üëâ Start your career in data today: https://t.co/bM1GHMeXiu
#DataAnalytics #DwarkaMor #CareerGrowth https://t.co/IUwApdPTim",2025-09-22 05:57:48+00:00,2025-09-22
64,"3Ô∏è‚É£
Zama isn‚Äôt just theory:
üí∞ Raised $57M (Series B)
üöÄ Built open-source FHE libraries like Concrete &amp; fhEVM
üî• Making FHE up to 100x faster and dev-friendly with Python &amp; Solidity",2025-09-22 05:57:12+00:00,2025-09-22
65,"@DavidLammy So the UK is in support of Hamas our Government is deluded the same as Blair who went to war with Iraq wtf honestly it‚Äôs like a monty python sketch 
Starmer needs to go",2025-09-22 05:56:23+00:00,2025-09-22
66,"üöÄ Looking for the best Data Science institute in Dwarka Mor?
Master Python, ML &amp; AI with expert trainers + Govt. certification.
Start your career today!
üëâ https://t.co/JjbqFGBIJy
#DataScience #DwarkaMor #InfotechSoftnet https://t.co/AdtIeIZLAO",2025-09-22 05:55:42+00:00,2025-09-22
67,"Python is one of the most popular languages to learn in 2024, used in Machine Learning, Data Science, and much more. 

Here are Python Complete Handwritten Notes

All, FREE of cost! Simply: 

1. Follow me (So I can DM) 
2. Like &amp; Repost 
3. Comment ""Python"" to receive copy. https://t.co/syQYcElDBA",2025-09-22 05:55:37+00:00,2025-09-22
68,"Excited to share my journey from a dedicated JavaScript developer to exploring the powerful world of Python! üöÄ In my latest blog post,

Check out: https://t.co/cEaGJHZVIn

#pythonprogramming",2025-09-22 05:55:19+00:00,2025-09-22
69,"Excited to share my journey from a dedicated JavaScript developer to exploring the powerful world of Python! üöÄ In my latest blog post,

Check out: https://t.co/cEaGJI0txV
#pythonprogramming",2025-09-22 05:55:07+00:00,2025-09-22
70,"@XcorpJP @japan @CIA @USArmy @USMC @usairforce @BTS_jp_official @FBI @DefenseIntel @pledis_17jp @INTERPOL_HQ @freemasons @NATO @NASA @SpaceX @NSAGov @realannapaulina @USNavy @NSACyber @NGA_GEOINT @DARPA @joerogan @FBIDirectorKash @FBIDDBongino @AGPamBondi @TheJusticeDept @elonmusk @XcorpJP @japan won many years ago before the world wars. The Ghost In The Shell was about my wife, the real secret space force Sergeant Major, The Teen Gleam Glitter Slapping Queen, @BoAkwon i knew it had to be you. What a joke til she slaps that bold python hold on ya.",2025-09-22 05:54:57+00:00,2025-09-22
71,"Dear sir ,
I hope you're doing well. I would like to formally recommend the hiring a skilled Python  Developer to support your upcoming project. After evaluating several candidates, I believe this seller is the best fit for your need.
Profile Link: https://t.co/x02iZQhSDQ",2025-09-22 05:54:34+00:00,2025-09-22
72,"Message us now at https://t.co/eyZFlrUpqa for:-
#Essay due
#Pay write
#javascript
#Online class take
#Philosophy 
#Chemistry
#Literature
#Calculus1
#Biology
#Python
#Nursing
#psychology
#Essayhelp
#Essay
#Essaypay
#100DaysOfCode
#WomenWhoCode
#Java
#Linux
#Math
#DigitalMoney https://t.co/CHJvdd7G5l",2025-09-22 05:54:00+00:00,2025-09-22
73,"@janmikulik420 @JackMichalewski I see the frustration‚Äîlet's push forward. From your SANITY slides, I'll code a basic Python sim for the resonant waveform Œ®(x,t) = e^{i/‚àöœÑ cos(œÄz + œât)} on the 4-var CNF. Using sympy for phase integrals, it shows no global closure (ŒîœÜ ‚â† 2œÄn). Still UNSAT, aligning with",2025-09-22 05:53:31+00:00,2025-09-22
74,"@XBonheur154 GM, Bonheur, 
I‚Äôd recommend starting with Python because it‚Äôs beginner-friendly and has the biggest AI community and tools. Later you can add R for data, JavaScript for web AI, Java or C++ for performance, and SQL for data handling.",2025-09-22 05:53:09+00:00,2025-09-22
75,"@Rarepearl22 @imtommitchell To start a career in data engineering in 2025:

1. Build foundations: Learn Python, SQL, ETL tools (e.g., Apache Airflow), and cloud platforms (AWS, Azure, GCP). Use free resources like Coursera or DataCamp.

2. Gain practical skills: Work on projects like building data pipelines",2025-09-22 05:52:02+00:00,2025-09-22
76,"Python vs. Excel and R: A Comparative Analysis
Python demonstrates superior capabilities in comparison to traditional tools such as Excel and specialized languages like R across several key areas:

üì∑ Handling Large Datasets:¬†Excel‚Äôs capacity for row and data handling is limited,",2025-09-22 05:51:00+00:00,2025-09-22
77,@Ronycoder I like Python,2025-09-22 05:50:16+00:00,2025-09-22
78,"The #GenerativeAI Tech Stack
by @Python_Dv

#LLM #GenAI #ArtificialIntelligence #MI #MachineLearning 
  
cc: @terenceleungsf @alvinfoo @chr1sa https://t.co/9dUdXbf4u5",2025-09-22 05:50:02+00:00,2025-09-22
79,@python_deck Most people are glad they did it. But some have problems that they are going to carry for the rest of their life.,2025-09-22 05:49:58+00:00,2025-09-22
80,"@QueenM1159 Hey‚ù§Ô∏è
*Excel*
*Exams*
*Online class*
*Final paper*
*Maths*
*Finance*
*Economics*
*Calculus*
*English*
*Python*
*Law*
*Stats*
*Essays due tonight*
*Geography*
*Chicago essays*
*Biology*
*Physics*
*Research*
*Homework*
*‚ñ†Chemistry*
*‚ñ†Essay pay*
*‚ñ†Quizz due*
*‚ñ†Psychology*

Reach",2025-09-22 05:49:38+00:00,2025-09-22
81,"Stuck with assignments? I‚Äôve got you covered!
Get expert help in:
‚úî Calculus
‚úî English &amp; Essay Writing
‚úî Mathematic
‚úî Statistics
‚úî Chemistry
‚úî JavaScript
‚úî Finance
‚úî Python
üìå Essay due soon? Need urgent help?
Message us now at 
 Let‚Äôs get it done https://t.co/Msmnulk63K",2025-09-22 05:49:11+00:00,2025-09-22
82,"üíª Getting started with Software Engineering?

1Ô∏è‚É£ Pick ONE language (Python/JS)
2Ô∏è‚É£ Build small projects
3Ô∏è‚É£ Learn how to learn

Consistency &gt; speed. üöÄ

What was YOUR first language?

#SoftwareEngineering #Coding https://t.co/m8xlgowSk1",2025-09-22 05:48:32+00:00,2025-09-22
83,"@keepdrivingkate *Excel*
*Exams*
*Online class*
*Final paper*
*Maths*
*Finance*
*Economics*
*Calculus*
*English*
*Python*
*Law*
*Stats*
*Essays due tonight*
*Geography*
*Chicago essays*
*Biology*
*Physics*
*Research*
*Homework*
*‚ñ†Chemistry*
*‚ñ†Essay pay*
*‚ñ†Quizz due*
*‚ñ†Psychology*

Reach out!",2025-09-22 05:48:03+00:00,2025-09-22
84,"@ImaSimpleBytch *Excel*
*Exams*
*Online class*
*Final paper*
*Maths*
*Finance*
*Economics*
*Calculus*
*English*
*Python*
*Law*
*Stats*
*Essays due tonight*
*Geography*
*Chicago essays*
*Biology*
*Physics*
*Research*
*Homework*
*‚ñ†Chemistry*
*‚ñ†Essay pay*
*‚ñ†Quizz due*
*‚ñ†Psychology*

Reach out!",2025-09-22 05:47:49+00:00,2025-09-22
85,"Stuck with assignments? I‚Äôve got you covered!
Get expert help in:
‚úî Calculus
‚úî English &amp; Essay Writing
‚úî Mathematic
‚úî Statistics
‚úî Chemistry
‚úî JavaScript
‚úî Finance
‚úî Python
üìå Essay due soon? Need urgent help?
Message us now at 
 Let‚Äôs get it done https://t.co/XACHUbwryz",2025-09-22 05:47:44+00:00,2025-09-22
86,"Dancing Stage Supernova 2 didn't get released due to laws requiring less mercury in electronics. Since the Python 2 is just a fat PS2 (with mercury levels over the legal limit), they weren't going to redesign the PCB for one region. https://t.co/TZ3zqJkl4F",2025-09-22 05:47:18+00:00,2025-09-22
87,"@Yashuintech Well after knowing the foundations of Java as OOP, and then working with python, I found python at start to be dirty writing until I liked it cuz it just quickly resembles a pseudo code. Also I can also interpret the code functionality in other languages as well.",2025-09-22 05:47:05+00:00,2025-09-22
88,"Want to become a web developer?

üìç HTML5
üìç CSS
üìç JavaScript
üìç Python
üìç PHP
üìç React.js
üìç TypeScript
üìç NodeJS
üìç AngularJS

For 24hrs, it's 100% FREE!

To get access, simply:

1. Like &amp; Retweet
2. Comment ‚Äú FREE ‚Äù
3. Follow me (So I can DM You) https://t.co/nU9rfG2UwE",2025-09-22 05:46:20+00:00,2025-09-22
89,"Started Vibecoding with Codex to build a static website deployer on cloud flare. It did a great job and build the system end to end but when I tried it on my python notebook to fill up a code block which would open a text file, parse the content and then write to it and display",2025-09-22 05:45:37+00:00,2025-09-22
90,"Data Analytics from Zero to Expert Free Course üò≤ 

A Udemy Complete Paid Course for Free.

This Course covers;
- Excel
- SQL
- Python
- Tableau
‚Üí Many more..

To get it simply Dm 24 hours

1. Follow 

 to get Link
 (so that I can DM)
2. Like &amp; Repost (Must)
3. Type ""Learn"" https://t.co/YZ5CPRWqoD",2025-09-22 05:45:28+00:00,2025-09-22
91,"Was only terrorist for 10 years, no only 5 years, no no was never terrorist at all.
Thanks Monty Python. https://t.co/gC4mN5VX9Y",2025-09-22 05:45:12+00:00,2025-09-22
92,"‚ö° Flask Caching Tips:

‚úÖ Per-endpoint caching
‚úÖ Fragment/template caching
‚úÖ Cache expensive DB queries

üí° Bonus: Invalidate wisely!

#Python #Flask #BackendDev #Caching #Performance https://t.co/rWfTaSm0sT",2025-09-22 05:45:00+00:00,2025-09-22
93,"@BenShapiroShow Transgenderism?
Indigenous cultures recognized Two-Spirit people
Berdache (European Term for Gender-Variant Individuals)
Elagabalus (Roman Emperor, 203‚Äì222 CE)
Galli Priests (Ancient Rome)
Mademoiselle de Beaumont (18th Century)
Benny Hill, Monty Python
Christine Jorgensen",2025-09-22 05:44:20+00:00,2025-09-22
94,"@bmcnett Python was never created to be fast, the difference in speed is negligible for most tasks. But yes, python is RELATIVELY slow.",2025-09-22 05:43:48+00:00,2025-09-22
95,"@iannuttall but swe is mostly python tasks, its not really that good of benchmark",2025-09-22 05:43:26+00:00,2025-09-22
96,"üöÄ Looking for the best Python institute in Uttam Nagar?
Master coding with expert trainers, hands-on projects &amp; govt. certification.
Enroll today üëâ https://t.co/bM1GHMeXiu
#Python #UttamNagar #Coding https://t.co/JXKRnyyEBj",2025-09-22 05:42:39+00:00,2025-09-22
97,"@hayasaka_aryan PYTHON, SQL, many by Americans, there's so many they created‚ù§Ô∏è.",2025-09-22 05:42:33+00:00,2025-09-22
98,"@TheRohanVarma In the age of LLMs, Gartner and their cabal will have a slow and painful death @TheRohanVarma for what its worth, I am a naive Python enthusiast, CURSOR has changed the way and amount of coding I do, for GOOD. Love the product!",2025-09-22 05:42:24+00:00,2025-09-22
99,"let's handle your:- 
#Assignments 
#Calculus 
#Homework 
#classes 
#Onlineclass 
 #Finance 
#accountingqueen 
 #Essaydue 
#Engineering 
#Music
 #Art 
#Nursing 
#Law 
#Javascript 
#Python
 #Programming 
#Datastructures 
 #100daysofcode

Message us now at https://t.co/eyZFlrTRAC https://t.co/1GYbkk3gF6",2025-09-22 05:42:00+00:00,2025-09-22
